/country/ad /country/andorra 301
/:lang/country/ad /:lang/country/andorra 301
/country/ae /country/united-arab-emirates 301
/:lang/country/ae /:lang/country/united-arab-emirates 301
/country/af /country/afghanistan 301
/:lang/country/af /:lang/country/afghanistan 301
/country/ag /country/antigua-and-barbuda 301
/:lang/country/ag /:lang/country/antigua-and-barbuda 301
/country/ai /country/anguilla 301
/:lang/country/ai /:lang/country/anguilla 301
/country/al /country/albania 301
/:lang/country/al /:lang/country/albania 301
/country/am /country/armenia 301
/:lang/country/am /:lang/country/armenia 301
/country/an /country/netherlands-antilles 301
/:lang/country/an /:lang/country/netherlands-antilles 301
/country/ao /country/angola 301
/:lang/country/ao /:lang/country/angola 301
/country/aq /country/antarctica 301
/:lang/country/aq /:lang/country/antarctica 301
/country/ar /country/argentina 301
/:lang/country/ar /:lang/country/argentina 301
/country/as /country/american-samoa 301
/:lang/country/as /:lang/country/american-samoa 301
/country/at /country/austria 301
/:lang/country/at /:lang/country/austria 301
/country/au /country/australia 301
/:lang/country/au /:lang/country/australia 301
/country/aw /country/aruba 301
/:lang/country/aw /:lang/country/aruba 301
/country/az /country/azerbaijan 301
/:lang/country/az /:lang/country/azerbaijan 301
/country/ba /country/bosnia-and-herzegovina 301
/:lang/country/ba /:lang/country/bosnia-and-herzegovina 301
/country/bb /country/barbados 301
/:lang/country/bb /:lang/country/barbados 301
/country/bd /country/bangladesh 301
/:lang/country/bd /:lang/country/bangladesh 301
/country/be /country/belgium 301
/:lang/country/be /:lang/country/belgium 301
/country/bf /country/burkina-faso 301
/:lang/country/bf /:lang/country/burkina-faso 301
/country/bg /country/bulgaria 301
/:lang/country/bg /:lang/country/bulgaria 301
/country/bh /country/bahrain 301
/:lang/country/bh /:lang/country/bahrain 301
/country/bi /country/burundi 301
/:lang/country/bi /:lang/country/burundi 301
/country/bj /country/benin 301
/:lang/country/bj /:lang/country/benin 301
/country/bm /country/bermuda 301
/:lang/country/bm /:lang/country/bermuda 301
/country/bn /country/brunei 301
/:lang/country/bn /:lang/country/brunei 301
/country/bo /country/bolivia 301
/:lang/country/bo /:lang/country/bolivia 301
/country/br /country/brazil 301
/:lang/country/br /:lang/country/brazil 301
/country/bs /country/bahamas 301
/:lang/country/bs /:lang/country/bahamas 301
/country/bt /country/bhutan 301
/:lang/country/bt /:lang/country/bhutan 301
/country/bv /country/bouvet-island 301
/:lang/country/bv /:lang/country/bouvet-island 301
/country/bw /country/botswana 301
/:lang/country/bw /:lang/country/botswana 301
/country/by /country/belarus 301
/:lang/country/by /:lang/country/belarus 301
/country/bz /country/belize 301
/:lang/country/bz /:lang/country/belize 301
/country/ca /country/canada 301
/:lang/country/ca /:lang/country/canada 301
/country/cc /country/cocos-keeling-islands 301
/:lang/country/cc /:lang/country/cocos-keeling-islands 301
/country/cd /country/congo [drc] 301
/:lang/country/cd /:lang/country/congo [drc] 301
/country/cf /country/central-african-republic 301
/:lang/country/cf /:lang/country/central-african-republic 301
/country/cg /country/congo-republic 301
/:lang/country/cg /:lang/country/congo-republic 301
/country/ch /country/switzerland 301
/:lang/country/ch /:lang/country/switzerland 301
/country/ci /country/côte-d-ivoire 301
/:lang/country/ci /:lang/country/côte-d-ivoire 301
/country/ck /country/cook-islands 301
/:lang/country/ck /:lang/country/cook-islands 301
/country/cl /country/chile 301
/:lang/country/cl /:lang/country/chile 301
/country/cm /country/cameroon 301
/:lang/country/cm /:lang/country/cameroon 301
/country/cn /country/china 301
/:lang/country/cn /:lang/country/china 301
/country/co /country/colombia 301
/:lang/country/co /:lang/country/colombia 301
/country/cr /country/costa-rica 301
/:lang/country/cr /:lang/country/costa-rica 301
/country/cu /country/cuba 301
/:lang/country/cu /:lang/country/cuba 301
/country/cv /country/cape-verde 301
/:lang/country/cv /:lang/country/cape-verde 301
/country/cx /country/christmas-island 301
/:lang/country/cx /:lang/country/christmas-island 301
/country/cy /country/cyprus 301
/:lang/country/cy /:lang/country/cyprus 301
/country/cz /country/czech-republic 301
/:lang/country/cz /:lang/country/czech-republic 301
/country/de /country/germany 301
/:lang/country/de /:lang/country/germany 301
/country/dj /country/djibouti 301
/:lang/country/dj /:lang/country/djibouti 301
/country/dk /country/denmark 301
/:lang/country/dk /:lang/country/denmark 301
/country/dm /country/dominica 301
/:lang/country/dm /:lang/country/dominica 301
/country/do /country/dominican-republic 301
/:lang/country/do /:lang/country/dominican-republic 301
/country/dz /country/algeria 301
/:lang/country/dz /:lang/country/algeria 301
/country/ec /country/ecuador 301
/:lang/country/ec /:lang/country/ecuador 301
/country/ee /country/estonia 301
/:lang/country/ee /:lang/country/estonia 301
/country/eg /country/egypt 301
/:lang/country/eg /:lang/country/egypt 301
/country/eh /country/western-sahara 301
/:lang/country/eh /:lang/country/western-sahara 301
/country/er /country/eritrea 301
/:lang/country/er /:lang/country/eritrea 301
/country/es /country/spain 301
/:lang/country/es /:lang/country/spain 301
/country/et /country/ethiopia 301
/:lang/country/et /:lang/country/ethiopia 301
/country/fi /country/finland 301
/:lang/country/fi /:lang/country/finland 301
/country/fj /country/fiji 301
/:lang/country/fj /:lang/country/fiji 301
/country/fk /country/falkland-islands-islas-malvinas 301
/:lang/country/fk /:lang/country/falkland-islands-islas-malvinas 301
/country/fm /country/micronesia 301
/:lang/country/fm /:lang/country/micronesia 301
/country/fo /country/faroe-islands 301
/:lang/country/fo /:lang/country/faroe-islands 301
/country/fr /country/france 301
/:lang/country/fr /:lang/country/france 301
/country/ga /country/gabon 301
/:lang/country/ga /:lang/country/gabon 301
/country/gb /country/united-kingdom 301
/:lang/country/gb /:lang/country/united-kingdom 301
/country/gd /country/grenada 301
/:lang/country/gd /:lang/country/grenada 301
/country/ge /country/georgia 301
/:lang/country/ge /:lang/country/georgia 301
/country/gf /country/french-guiana 301
/:lang/country/gf /:lang/country/french-guiana 301
/country/gg /country/guernsey 301
/:lang/country/gg /:lang/country/guernsey 301
/country/gh /country/ghana 301
/:lang/country/gh /:lang/country/ghana 301
/country/gi /country/gibraltar 301
/:lang/country/gi /:lang/country/gibraltar 301
/country/gl /country/greenland 301
/:lang/country/gl /:lang/country/greenland 301
/country/gm /country/gambia 301
/:lang/country/gm /:lang/country/gambia 301
/country/gn /country/guinea 301
/:lang/country/gn /:lang/country/guinea 301
/country/gp /country/guadeloupe 301
/:lang/country/gp /:lang/country/guadeloupe 301
/country/gq /country/equatorial-guinea 301
/:lang/country/gq /:lang/country/equatorial-guinea 301
/country/gr /country/greece 301
/:lang/country/gr /:lang/country/greece 301
/country/gs /country/south-georgia-and-the-south-sandwich-islands 301
/:lang/country/gs /:lang/country/south-georgia-and-the-south-sandwich-islands 301
/country/gt /country/guatemala 301
/:lang/country/gt /:lang/country/guatemala 301
/country/gu /country/guam 301
/:lang/country/gu /:lang/country/guam 301
/country/gw /country/guinea-bissau 301
/:lang/country/gw /:lang/country/guinea-bissau 301
/country/gy /country/guyana 301
/:lang/country/gy /:lang/country/guyana 301
/country/gz /country/gaza-strip 301
/:lang/country/gz /:lang/country/gaza-strip 301
/country/hk /country/hong-kong 301
/:lang/country/hk /:lang/country/hong-kong 301
/country/hm /country/heard-island-and-mcdonald-islands 301
/:lang/country/hm /:lang/country/heard-island-and-mcdonald-islands 301
/country/hn /country/honduras 301
/:lang/country/hn /:lang/country/honduras 301
/country/hr /country/croatia 301
/:lang/country/hr /:lang/country/croatia 301
/country/ht /country/haiti 301
/:lang/country/ht /:lang/country/haiti 301
/country/hu /country/hungary 301
/:lang/country/hu /:lang/country/hungary 301
/country/id /country/indonesia 301
/:lang/country/id /:lang/country/indonesia 301
/country/ie /country/ireland 301
/:lang/country/ie /:lang/country/ireland 301
/country/il /country/israel 301
/:lang/country/il /:lang/country/israel 301
/country/im /country/isle-of-man 301
/:lang/country/im /:lang/country/isle-of-man 301
/country/in /country/india 301
/:lang/country/in /:lang/country/india 301
/country/io /country/british-indian-ocean-territory 301
/:lang/country/io /:lang/country/british-indian-ocean-territory 301
/country/iq /country/iraq 301
/:lang/country/iq /:lang/country/iraq 301
/country/ir /country/iran 301
/:lang/country/ir /:lang/country/iran 301
/country/is /country/iceland 301
/:lang/country/is /:lang/country/iceland 301
/country/it /country/italy 301
/:lang/country/it /:lang/country/italy 301
/country/je /country/jersey 301
/:lang/country/je /:lang/country/jersey 301
/country/jm /country/jamaica 301
/:lang/country/jm /:lang/country/jamaica 301
/country/jo /country/jordan 301
/:lang/country/jo /:lang/country/jordan 301
/country/jp /country/japan 301
/:lang/country/jp /:lang/country/japan 301
/country/ke /country/kenya 301
/:lang/country/ke /:lang/country/kenya 301
/country/kg /country/kyrgyzstan 301
/:lang/country/kg /:lang/country/kyrgyzstan 301
/country/kh /country/cambodia 301
/:lang/country/kh /:lang/country/cambodia 301
/country/ki /country/kiribati 301
/:lang/country/ki /:lang/country/kiribati 301
/country/km /country/comoros 301
/:lang/country/km /:lang/country/comoros 301
/country/kn /country/saint-kitts-and-nevis 301
/:lang/country/kn /:lang/country/saint-kitts-and-nevis 301
/country/kp /country/north-korea 301
/:lang/country/kp /:lang/country/north-korea 301
/country/kr /country/south-korea 301
/:lang/country/kr /:lang/country/south-korea 301
/country/kw /country/kuwait 301
/:lang/country/kw /:lang/country/kuwait 301
/country/ky /country/cayman-islands 301
/:lang/country/ky /:lang/country/cayman-islands 301
/country/kz /country/kazakhstan 301
/:lang/country/kz /:lang/country/kazakhstan 301
/country/la /country/laos 301
/:lang/country/la /:lang/country/laos 301
/country/lb /country/lebanon 301
/:lang/country/lb /:lang/country/lebanon 301
/country/lc /country/saint-lucia 301
/:lang/country/lc /:lang/country/saint-lucia 301
/country/li /country/liechtenstein 301
/:lang/country/li /:lang/country/liechtenstein 301
/country/lk /country/sri-lanka 301
/:lang/country/lk /:lang/country/sri-lanka 301
/country/lr /country/liberia 301
/:lang/country/lr /:lang/country/liberia 301
/country/ls /country/lesotho 301
/:lang/country/ls /:lang/country/lesotho 301
/country/lt /country/lithuania 301
/:lang/country/lt /:lang/country/lithuania 301
/country/lu /country/luxembourg 301
/:lang/country/lu /:lang/country/luxembourg 301
/country/lv /country/latvia 301
/:lang/country/lv /:lang/country/latvia 301
/country/ly /country/libya 301
/:lang/country/ly /:lang/country/libya 301
/country/ma /country/morocco 301
/:lang/country/ma /:lang/country/morocco 301
/country/mc /country/monaco 301
/:lang/country/mc /:lang/country/monaco 301
/country/md /country/moldova 301
/:lang/country/md /:lang/country/moldova 301
/country/me /country/montenegro 301
/:lang/country/me /:lang/country/montenegro 301
/country/mg /country/madagascar 301
/:lang/country/mg /:lang/country/madagascar 301
/country/mh /country/marshall-islands 301
/:lang/country/mh /:lang/country/marshall-islands 301
/country/mk /country/macedonia-fyrom 301
/:lang/country/mk /:lang/country/macedonia-fyrom 301
/country/ml /country/mali 301
/:lang/country/ml /:lang/country/mali 301
/country/mm /country/myanmar-burma 301
/:lang/country/mm /:lang/country/myanmar-burma 301
/country/burma /country/myanmar-burma 301
/:lang/country/burma /:lang/country/myanmar-burma 301
/country/myanmar /country/myanmar-burma 301
/:lang/country/myanmar /:lang/country/myanmar-burma 301
/country/mn /country/mongolia 301
/:lang/country/mn /:lang/country/mongolia 301
/country/mo /country/macau 301
/:lang/country/mo /:lang/country/macau 301
/country/mp /country/northern-mariana-islands 301
/:lang/country/mp /:lang/country/northern-mariana-islands 301
/country/mq /country/martinique 301
/:lang/country/mq /:lang/country/martinique 301
/country/mr /country/mauritania 301
/:lang/country/mr /:lang/country/mauritania 301
/country/ms /country/montserrat 301
/:lang/country/ms /:lang/country/montserrat 301
/country/mt /country/malta 301
/:lang/country/mt /:lang/country/malta 301
/country/mu /country/mauritius 301
/:lang/country/mu /:lang/country/mauritius 301
/country/mv /country/maldives 301
/:lang/country/mv /:lang/country/maldives 301
/country/mw /country/malawi 301
/:lang/country/mw /:lang/country/malawi 301
/country/mx /country/mexico 301
/:lang/country/mx /:lang/country/mexico 301
/country/my /country/malaysia 301
/:lang/country/my /:lang/country/malaysia 301
/country/mz /country/mozambique 301
/:lang/country/mz /:lang/country/mozambique 301
/country/na /country/namibia 301
/:lang/country/na /:lang/country/namibia 301
/country/nc /country/new-caledonia 301
/:lang/country/nc /:lang/country/new-caledonia 301
/country/ne /country/niger 301
/:lang/country/ne /:lang/country/niger 301
/country/nf /country/norfolk-island 301
/:lang/country/nf /:lang/country/norfolk-island 301
/country/ng /country/nigeria 301
/:lang/country/ng /:lang/country/nigeria 301
/country/ni /country/nicaragua 301
/:lang/country/ni /:lang/country/nicaragua 301
/country/nl /country/netherlands 301
/:lang/country/nl /:lang/country/netherlands 301
/country/no /country/norway 301
/:lang/country/no /:lang/country/norway 301
/country/np /country/nepal 301
/:lang/country/np /:lang/country/nepal 301
/country/nr /country/nauru 301
/:lang/country/nr /:lang/country/nauru 301
/country/nu /country/niue 301
/:lang/country/nu /:lang/country/niue 301
/country/nz /country/new-zealand 301
/:lang/country/nz /:lang/country/new-zealand 301
/country/om /country/oman 301
/:lang/country/om /:lang/country/oman 301
/country/pa /country/panama 301
/:lang/country/pa /:lang/country/panama 301
/country/pe /country/peru 301
/:lang/country/pe /:lang/country/peru 301
/country/pf /country/french-polynesia 301
/:lang/country/pf /:lang/country/french-polynesia 301
/country/pg /country/papua-new-guinea 301
/:lang/country/pg /:lang/country/papua-new-guinea 301
/country/ph /country/philippines 301
/:lang/country/ph /:lang/country/philippines 301
/country/pk /country/pakistan 301
/:lang/country/pk /:lang/country/pakistan 301
/country/pl /country/poland 301
/:lang/country/pl /:lang/country/poland 301
/country/pm /country/saint-pierre-and-miquelon 301
/:lang/country/pm /:lang/country/saint-pierre-and-miquelon 301
/country/pn /country/pitcairn-islands 301
/:lang/country/pn /:lang/country/pitcairn-islands 301
/country/pr /country/puerto-rico 301
/:lang/country/pr /:lang/country/puerto-rico 301
/country/ps /country/palestinian-territories 301
/:lang/country/ps /:lang/country/palestinian-territories 301
/country/pt /country/portugal 301
/:lang/country/pt /:lang/country/portugal 301
/country/pw /country/palau 301
/:lang/country/pw /:lang/country/palau 301
/country/py /country/paraguay 301
/:lang/country/py /:lang/country/paraguay 301
/country/qa /country/qatar 301
/:lang/country/qa /:lang/country/qatar 301
/country/re /country/réunion 301
/:lang/country/re /:lang/country/réunion 301
/country/ro /country/romania 301
/:lang/country/ro /:lang/country/romania 301
/country/rs /country/serbia 301
/:lang/country/rs /:lang/country/serbia 301
/country/ru /country/russia 301
/:lang/country/ru /:lang/country/russia 301
/country/rw /country/rwanda 301
/:lang/country/rw /:lang/country/rwanda 301
/country/sa /country/saudi-arabia 301
/:lang/country/sa /:lang/country/saudi-arabia 301
/country/sb /country/solomon-islands 301
/:lang/country/sb /:lang/country/solomon-islands 301
/country/sc /country/seychelles 301
/:lang/country/sc /:lang/country/seychelles 301
/country/sd /country/sudan 301
/:lang/country/sd /:lang/country/sudan 301
/country/se /country/sweden 301
/:lang/country/se /:lang/country/sweden 301
/country/sg /country/singapore 301
/:lang/country/sg /:lang/country/singapore 301
/country/sh /country/saint-helena 301
/:lang/country/sh /:lang/country/saint-helena 301
/country/si /country/slovenia 301
/:lang/country/si /:lang/country/slovenia 301
/country/sj /country/svalbard-and-jan-mayen 301
/:lang/country/sj /:lang/country/svalbard-and-jan-mayen 301
/country/sk /country/slovakia 301
/:lang/country/sk /:lang/country/slovakia 301
/country/sl /country/sierra-leone 301
/:lang/country/sl /:lang/country/sierra-leone 301
/country/sm /country/san-marino 301
/:lang/country/sm /:lang/country/san-marino 301
/country/sn /country/senegal 301
/:lang/country/sn /:lang/country/senegal 301
/country/so /country/somalia 301
/:lang/country/so /:lang/country/somalia 301
/country/sr /country/suriname 301
/:lang/country/sr /:lang/country/suriname 301
/country/st /country/são-tomé-and-príncipe 301
/:lang/country/st /:lang/country/são-tomé-and-príncipe 301
/country/sv /country/el-salvador 301
/:lang/country/sv /:lang/country/el-salvador 301
/country/sy /country/syria 301
/:lang/country/sy /:lang/country/syria 301
/country/sz /country/swaziland 301
/:lang/country/sz /:lang/country/swaziland 301
/country/tc /country/turks-and-caicos-islands 301
/:lang/country/tc /:lang/country/turks-and-caicos-islands 301
/country/td /country/chad 301
/:lang/country/td /:lang/country/chad 301
/country/tf /country/french-southern-territories 301
/:lang/country/tf /:lang/country/french-southern-territories 301
/country/tg /country/togo 301
/:lang/country/tg /:lang/country/togo 301
/country/th /country/thailand 301
/:lang/country/th /:lang/country/thailand 301
/country/tj /country/tajikistan 301
/:lang/country/tj /:lang/country/tajikistan 301
/country/tk /country/tokelau 301
/:lang/country/tk /:lang/country/tokelau 301
/country/tl /country/timor-leste 301
/:lang/country/tl /:lang/country/timor-leste 301
/country/tm /country/turkmenistan 301
/:lang/country/tm /:lang/country/turkmenistan 301
/country/tn /country/tunisia 301
/:lang/country/tn /:lang/country/tunisia 301
/country/to /country/tonga 301
/:lang/country/to /:lang/country/tonga 301
/country/tr /country/turkey 301
/:lang/country/tr /:lang/country/turkey 301
/country/tt /country/trinidad-and-tobago 301
/:lang/country/tt /:lang/country/trinidad-and-tobago 301
/country/tv /country/tuvalu 301
/:lang/country/tv /:lang/country/tuvalu 301
/country/tw /country/taiwan 301
/:lang/country/tw /:lang/country/taiwan 301
/country/tz /country/tanzania 301
/:lang/country/tz /:lang/country/tanzania 301
/country/ua /country/ukraine 301
/:lang/country/ua /:lang/country/ukraine 301
/country/ug /country/uganda 301
/:lang/country/ug /:lang/country/uganda 301
/country/um /country/us-minor-outlying-islands 301
/:lang/country/um /:lang/country/us-minor-outlying-islands 301
/country/us /country/united-states 301
/:lang/country/us /:lang/country/united-states 301
/country/uy /country/uruguay 301
/:lang/country/uy /:lang/country/uruguay 301
/country/uz /country/uzbekistan 301
/:lang/country/uz /:lang/country/uzbekistan 301
/country/va /country/vatican-city 301
/:lang/country/va /:lang/country/vatican-city 301
/country/vc /country/saint-vincent-and-the-grenadines 301
/:lang/country/vc /:lang/country/saint-vincent-and-the-grenadines 301
/country/ve /country/venezuela 301
/:lang/country/ve /:lang/country/venezuela 301
/country/vg /country/british-virgin-islands 301
/:lang/country/vg /:lang/country/british-virgin-islands 301
/country/vi /country/us-virgin-islands 301
/:lang/country/vi /:lang/country/us-virgin-islands 301
/country/vn /country/vietnam 301
/:lang/country/vn /:lang/country/vietnam 301
/country/vu /country/vanuatu 301
/:lang/country/vu /:lang/country/vanuatu 301
/country/wf /country/wallis-and-futuna 301
/:lang/country/wf /:lang/country/wallis-and-futuna 301
/country/ws /country/samoa 301
/:lang/country/ws /:lang/country/samoa 301
/country/xk /country/kosovo 301
/:lang/country/xk /:lang/country/kosovo 301
/country/ye /country/yemen 301
/:lang/country/ye /:lang/country/yemen 301
/country/yt /country/mayotte 301
/:lang/country/yt /:lang/country/mayotte 301
/country/za /country/south-africa 301
/:lang/country/za /:lang/country/south-africa 301
/country/zm /country/zambia 301
/:lang/country/zm /:lang/country/zambia 301
/country/zw /country/zimbabwe 301
/:lang/country/zw /:lang/country/zimbabwe 301
/country/ci /country/ivory-coast 301
/:lang/country/ci /:lang/country/ivory-coast 301
